batch,run,threads,timeout_ms,frames,publisher_time_s,publisher_avg_fps,stage_time_s,stage_fps,cb_avg_ms,pipeline_e2e_s,drava_overhead_s,drava_overhead_pct,gpu_avg_power_w,gpu_avg_util_pct,gpu_avg_mem_mib,gpu_energy_j,gpu_energy_j_per_frame,cpu_energy_source,cpu_energy_j,cpu_energy_j_per_frame,cpu_rapl_energy_j,total_energy_j,total_energy_j_per_frame
2,1,2,200,512,1.561,328.1,29.894781,17.13,116.298,30.506003234535456,0.6112222345354574,2.0036129604926436,54.96940298507462,29.55223880597015,20991.0,1675.7041235796264,3.272859616366458,perf,,,,1675.7041235796264,3.272859616366458
2,2,2,200,512,1.538,332.83,29.776484,17.19,115.837,30.394048643298447,0.6175646432984472,2.031860416314144,52.9075939849624,29.30827067669173,20991.0,1600.7192901196797,3.1264048635149995,perf,,,,1600.7192901196797,3.1264048635149995
2,3,2,200,512,1.514,338.26,29.745492,17.21,115.718,30.591104646213353,0.845612646213354,2.7642435799323977,54.36044776119403,29.66417910447761,20991.0,1653.8125118183577,3.23010256214523,perf,,,,1653.8125118183577,3.23010256214523
2,4,2,200,512,1.516,337.68,29.552764,17.32,114.967,30.167592992074788,0.6148289920747878,2.038044573978133,52.21022727272727,29.75,20991.0,1570.2954177141983,3.0669832377230435,perf,,,,1570.2954177141983,3.0669832377230435
2,5,2,200,512,1.545,331.4,30.023643,17.05,116.799,30.898148614913225,0.8745056149132253,2.8302848361961033,54.4717037037037,29.303703703703704,20991.0,1674.547302579996,3.270600200351555,perf,,,,1674.547302579996,3.270600200351555
2,6,2,200,512,1.59,321.97,30.083791,17.02,117.034,30.686648931354284,0.6028579313542828,1.9645609812360736,54.445074626865676,29.08955223880597,20991.0,1661.1211808761675,3.2443773063987646,perf,,,,1661.1211808761675,3.2443773063987646
2,7,2,200,512,1.565,327.13,30.557802,16.76,118.878,31.414819376543164,0.8570173765431655,2.728067178330122,53.481094890510946,29.467153284671532,20991.0,1671.6604966379325,3.264961907495962,perf,,,,1671.6604966379325,3.264961907495962
2,8,2,200,512,1.483,345.17,29.80445,17.18,115.947,30.420070563443005,0.6156205634430059,2.023731543156975,55.098872180451124,29.661654135338345,20991.0,1669.95105758485,3.2616231593454104,perf,,,,1669.95105758485,3.2616231593454104
2,9,2,200,512,1.491,343.29,29.710845,17.23,115.583,30.344913821667433,0.6340688216674337,2.0895390423375804,53.594210526315784,29.518796992481203,20991.0,1624.9445421140827,3.1737198088165677,perf,,,,1624.9445421140827,3.1737198088165677
2,10,2,200,512,1.634,313.3,29.888611,17.13,116.275,30.831055755726993,0.9424447557269922,3.0568033842043483,52.61455223880597,29.44776119402985,20991.0,1612.901219793125,3.150197694908447,perf,,,,1612.901219793125,3.150197694908447
4,1,2,200,512,1.672,306.22,17.012838,30.09,131.858,17.640926110558212,0.6280881105582132,3.56040327260539,118.65227848101267,34.949367088607595,25223.0,2097.8965141916005,4.09745412928047,perf,,,,2097.8965141916005,4.09745412928047
4,2,2,200,512,1.604,319.22,16.834046,30.41,130.472,17.56498017720878,0.7309341772087805,4.161315127227954,117.32358974358974,35.30769230769231,25223.0,2037.6012341741564,3.979689910496399,perf,,,,2037.6012341741564,3.979689910496399
4,3,2,200,512,1.481,345.61,16.914874,30.27,131.099,17.5394823634997,0.6246083634997,3.5611561992247425,110.3475641025641,35.06410256410256,25223.0,1922.7164795267536,3.7553056240756906,perf,,,,1922.7164795267536,3.7553056240756906
4,4,2,200,512,1.6,319.92,16.631677,30.78,128.903,17.25112177245319,0.6194447724531891,3.5907506805866176,121.68662337662339,35.142857142857146,25223.0,2102.17932357539,4.105818991358183,perf,,,,2102.17932357539,4.105818991358183
4,5,2,200,512,1.433,357.28,16.987716,30.14,131.663,17.734169324859977,0.7464533248599778,4.209124832329138,114.69468354430379,34.44303797468354,25223.0,2028.6429750918833,3.9621933107263345,perf,,,,2028.6429750918833,3.9621933107263345
4,6,2,200,512,1.666,307.24,17.014629,30.09,131.872,17.614634660072625,0.6000056600726253,3.4062906875535024,109.05443037974683,35.0126582278481,25223.0,1928.0655967308487,3.765753118614939,perf,,,,1928.0655967308487,3.765753118614939
4,7,2,200,512,1.426,359.1,16.920219,30.26,131.141,17.564627880230546,0.6444088802305465,3.668787546338205,120.02269230769231,34.93589743589744,25223.0,2094.4028619817605,4.090630589808126,perf,,,,2094.4028619817605,4.090630589808126
4,8,2,200,512,1.532,334.24,16.789857,30.49,130.129,17.537032968364656,0.7471759683646546,4.260560892555187,110.13115384615384,35.53846153846154,25223.0,1912.7544013011318,3.735848440041273,perf,,,,1912.7544013011318,3.735848440041273
4,9,2,200,512,1.415,361.82,16.804877,30.47,130.246,17.829437325708568,1.024560325708567,5.746453502664585,109.63886075949367,35.075949367088604,25223.0,1926.9467515785811,3.7635678741769163,perf,,,,1926.9467515785811,3.7635678741769163
4,10,2,200,512,1.555,329.2,16.678405,30.7,129.265,17.287868278101087,0.6094632781010851,3.52538131536498,115.12454545454545,36.116883116883116,25223.0,1972.4931046550678,3.8525255950294293,perf,,,,1972.4931046550678,3.8525255950294293
8,1,2,200,512,1.455,351.93,15.722236,32.57,241.854,16.508021876215935,0.7857858762159342,4.7600244421050935,122.31301369863014,50.10958904109589,33543.0,2011.223038262226,3.9281699966059103,perf,,,,2011.223038262226,3.9281699966059103
8,2,2,200,512,1.588,322.51,15.833461,32.34,243.565,16.471011388115585,0.6375503881155851,3.8707421972617917,124.43205479452055,48.95890410958904,33543.0,2050.866781608127,4.005599182828373,perf,,,,2050.866781608127,4.005599182828373
8,3,2,200,512,1.398,366.23,15.702353,32.61,241.548,16.37150300387293,0.6691500038729306,4.087285105800199,125.73123287671231,50.054794520547944,33543.0,2047.2248664969434,3.9984860673768425,perf,,,,2047.2248664969434,3.9984860673768425
8,4,2,200,512,1.517,337.58,15.751486,32.5,242.304,16.508489049971104,0.7570030499711038,4.585538068806054,115.03808219178083,49.36986301369863,33543.0,1883.5189649239176,3.6787479783670265,perf,,,,1883.5189649239176,3.6787479783670265
8,5,2,200,512,1.71,299.5,15.637874,32.74,240.556,16.531382786110044,0.8935087861100435,5.404924667649612,124.17054054054056,49.62162162162162,33543.0,2051.6245142317243,4.007079129358837,perf,,,,2051.6245142317243,4.007079129358837
8,6,2,200,512,1.445,354.21,15.729515,32.55,241.965,16.45957383979112,0.7300588397911199,4.435466233191276,123.59301369863014,49.10958904109589,33543.0,2023.9966726038053,3.9531185011793073,perf,,,,2023.9966726038053,3.9531185011793073
8,7,2,200,512,1.156,442.82,15.928822,32.14,245.032,16.64952846057713,0.7207064605771301,4.328689922261906,127.83459459459459,49.013513513513516,33543.0,2120.1060323886386,4.14083209450906,perf,,,,2120.1060323886386,4.14083209450906
8,8,2,200,512,1.407,363.84,15.849893,32.3,243.818,16.475354292429984,0.6254612924299838,3.796345021347236,119.4113698630137,49.26027397260274,33543.0,1944.7984544192764,3.798434481287649,perf,,,,1944.7984544192764,3.798434481287649
8,9,2,200,512,1.428,358.51,15.855474,32.29,243.904,16.783969650045037,0.9284956500450381,5.532038423595139,123.65093333333333,49.0,33543.0,2070.884417293281,4.044696127525939,perf,,,,2070.884417293281,4.044696127525939
8,10,2,200,512,1.435,356.79,15.868092,32.27,244.098,17.102624656632543,1.2345326566325419,7.218381280172571,117.31947368421054,48.26315789473684,33543.0,2004.717629289096,3.9154641197052658,perf,,,,2004.717629289096,3.9154641197052658
16,1,2,200,512,1.544,331.56,13.449836,38.07,407.542,14.280718442983925,0.8308824429839259,5.818211781859868,110.44365079365079,56.19047619047619,33801.0,1546.808329826789,3.0211100191929474,perf,,,,1546.808329826789,3.0211100191929474
16,2,2,200,512,1.434,357.12,13.493029,37.95,408.851,14.320211519487202,0.8271825194872022,5.77632892057186,125.6471875,57.515625,33801.0,1799.4736572078423,3.514596986734067,perf,,,,1799.4736572078423,3.514596986734067
16,3,2,200,512,1.563,327.67,13.511837,37.89,409.42,14.550934627652168,1.0390976276521684,7.141105738166796,117.39769230769231,56.15384615384615,33801.0,1691.4427422508031,3.3035991059586,perf,,,,1691.4427422508031,3.3035991059586
16,4,2,200,512,1.414,362.06,13.485296,37.97,408.615,14.292508631013334,0.8072126310133338,5.6478022987634375,102.873125,55.734375,33801.0,1476.7816096957167,2.8843390814369467,perf,,,,1476.7816096957167,2.8843390814369467
16,5,2,200,512,1.438,356.0,13.490046,37.95,408.76,14.310101570561528,0.8200555705615287,5.730606219095828,124.59109375,57.40625,33801.0,1785.9036797579795,3.4880931245273037,perf,,,,1785.9036797579795,3.4880931245273037
16,6,2,200,512,1.621,315.94,13.58142,37.7,411.529,14.424163176678121,0.8427431766781215,5.842579332718038,119.48875,54.84375,33801.0,1715.9590454920753,3.3514825107267097,perf,,,,1715.9590454920753,3.3514825107267097
16,7,2,200,512,1.144,447.41,13.541815,37.81,410.328,14.338376413099468,0.796561413099468,5.555450562531846,120.98171875,58.0625,33801.0,1737.3844542194115,3.393329012147288,perf,,,,1737.3844542194115,3.393329012147288
16,8,2,200,512,1.561,327.93,13.416951,38.16,406.545,14.430977214127779,1.0140262141277798,7.0267328336923605,139.860625,56.09375,33801.0,2010.6793490293205,3.9271081035728916,perf,,,,2010.6793490293205,3.9271081035728916
16,9,2,200,512,1.426,359.04,13.432142,38.12,407.006,14.366951213218272,0.934809213218271,6.506663796270168,129.59625,56.8125,33801.0,1849.8612297614336,3.6130102143778,perf,,,,1849.8612297614336,3.6130102143778
16,10,2,200,512,1.569,326.42,13.430578,38.12,406.959,14.2830361276865,0.8524581276865,5.968325782177918,130.8973015873016,54.523809523809526,33801.0,1851.5694562497877,3.6163465942378665,perf,,,,1851.5694562497877,3.6163465942378665
